market_ticker,city,event_date,temp_range_f,contracts,avg_entry_no_price_cents,contracts_exited_early,exchange_settlement,result,net_pnl_dollars
KXHIGHDEN-26JUN21-B88.5,DEN,2026-06-21,88-89,1.0,39.0,0.0,NO (out of range) - NO won,WIN,0.6
KXHIGHTDC-26JUN21-B86.5,DC,2026-06-21,86-87,1.0,15.0,0.0,NO (out of range) - NO won,WIN,0.85
KXHIGHTBOS-26JUN22-B79.5,BOS,2026-06-22,79-80,3.0,18.0,0.0,NO (out of range) - NO won,WIN,2.43
KXHIGHNY-26JUN22-B72.5,NY,2026-06-22,72-73,1.0,16.0,1.0,YES (in range) - NO lost,LOSS,-0.05
KXHIGHTDC-26JUN22-B90.5,DC,2026-06-22,90-91,2.0,18.0,0.0,NO (out of range) - NO won,WIN,1.62
KXHIGHTSATX-26JUN22-B91.5,SATX,2026-06-22,91-92,1.0,19.0,1.0,YES (in range) - NO lost,LOSS,0.11
KXHIGHTHOU-26JUN23-B92.5,HOU,2026-06-23,92-93,3.0,43.3,0.0,YES (in range) - NO lost,LOSS,-1.33
KXHIGHTSATX-26JUN23-B91.5,SATX,2026-06-23,91-92,3.0,33.3,0.0,YES (in range) - NO lost,LOSS,-1.02
KXHIGHTATL-26JUN23-B83.5,ATL,2026-06-23,83-84,1.0,37.0,1.0,YES (in range) - NO lost,LOSS,-0.17
KXHIGHTPHX-26JUN23-B109.5,PHX,2026-06-23,109-110,2.0,27.5,0.0,YES (in range) - NO lost,LOSS,-0.57
KXHIGHTDAL-26JUN23-B94.5,DAL,2026-06-23,94-95,2.0,43.5,0.0,YES (in range) - NO lost,LOSS,-0.89
KXHIGHTMIN-26JUN23-B75.5,MIN,2026-06-23,75-76,2.0,41.0,2.0,NO (out of range) - NO won,WIN,1.14
KXHIGHDEN-26JUN23-B83.5,DEN,2026-06-23,83-84,3.0,34.0,0.0,NO (out of range) - NO won,WIN,1.95
KXHIGHAUS-26JUN23-B93.5,AUS,2026-06-23,93-94,1.0,31.0,0.0,YES (in range) - NO lost,LOSS,-0.32
KXHIGHTLV-26JUN23-B107.5,LV,2026-06-23,107-108,3.0,46.3,3.0,NO (out of range) - NO won,WIN,1.55
KXHIGHTDAL-26JUN24-B95.5,DAL,2026-06-24,95-96,2.0,44.0,0.0,YES (in range) - NO lost,LOSS,-0.9
KXHIGHTHOU-26JUN24-B93.5,HOU,2026-06-24,93-94,1.0,56.0,0.0,YES (in range) - NO lost,LOSS,-0.57
KXHIGHNY-26JUN24-B82.5,NY,2026-06-24,82-83,1.0,58.0,0.0,YES (in range) - NO lost,LOSS,-0.59
KXHIGHTBOS-26JUN24-B82.5,BOS,2026-06-24,82-83,1.0,37.0,0.0,YES (in range) - NO lost,LOSS,-0.38
KXHIGHDEN-26JUN24-B83.5,DEN,2026-06-24,83-84,1.0,17.0,0.0,NO (out of range) - NO won,WIN,0.83
KXHIGHTMIN-26JUN24-B75.5,MIN,2026-06-24,75-76,1.0,27.0,0.0,NO (out of range) - NO won,WIN,0.72
KXHIGHTNOLA-26JUN24-B90.5,NOLA,2026-06-24,90-91,1.0,31.0,0.0,NO (out of range) - NO won,WIN,0.68
KXHIGHTPHX-26JUN24-B109.5,PHX,2026-06-24,109-110,1.0,17.0,0.0,NO (out of range) - NO won,WIN,0.83
KXHIGHAUS-26JUN24-B95.5,AUS,2026-06-24,95-96,1.28,47.2,0.0,NO (out of range) - NO won,WIN,0.666
KXHIGHAUS-26JUN24-B93.5,AUS,2026-06-24,93-94,1.0,28.0,1.0,YES (in range) - NO lost,LOSS,0.06
KXHIGHTSATX-26JUN24-B91.5,SATX,2026-06-24,91-92,2.0,24.5,0.0,YES (in range) - NO lost,LOSS,-0.51
KXHIGHTSEA-26JUN24-B85.5,SEA,2026-06-24,85-86,1.0,28.0,0.0,NO (out of range) - NO won,WIN,0.71
KXHIGHTLV-26JUN24-B102.5,LV,2026-06-24,102-103,1.0,52.0,0.0,NO (out of range) - NO won,WIN,0.47
KXHIGHTLV-26JUN25-B105.5,LV,2026-06-25,105-106,1.0,69.0,0.0,NO (out of range) - NO won,WIN,0.3
KXHIGHTHOU-26JUN25-B91.5,HOU,2026-06-25,91-92,1.0,55.0,0.0,YES (in range) - NO lost,LOSS,-0.56
KXHIGHAUS-26JUN25-B95.5,AUS,2026-06-25,95-96,1.0,38.0,0.0,NO (out of range) - NO won,WIN,0.61
KXHIGHTDAL-26JUN25-B95.5,DAL,2026-06-25,95-96,1.0,44.0,0.0,NO (out of range) - NO won,WIN,0.55
KXHIGHTSEA-26JUN26-B65.5,SEA,2026-06-26,65-66,1.0,40.0,0.0,YES (in range) - NO lost,LOSS,-0.41
KXHIGHTSATX-26JUN26-B92.5,SATX,2026-06-26,92-93,1.0,94.0,0.0,YES (in range) - NO lost,LOSS,-0.94
KXHIGHTDC-26JUN26-B90.5,DC,2026-06-26,90-91,1.0,44.0,0.0,YES (in range) - NO lost,LOSS,-0.45
KXHIGHTHOU-26JUN28-B94.5,HOU,2026-06-28,94-95,2.0,52.5,0.0,YES (in range) - NO lost,LOSS,-1.07
KXHIGHTSEA-26JUN28-B68.5,SEA,2026-06-28,68-69,1.0,67.0,0.0,YES (in range) - NO lost,LOSS,-0.68
KXHIGHAUS-26JUN29-B96.5,AUS,2026-06-29,96-97,1.0,64.0,0.0,YES (in range) - NO lost,LOSS,-0.65
KXHIGHTLV-26JUN29-B93.5,LV,2026-06-29,93-94,1.0,67.0,0.0,YES (in range) - NO lost,LOSS,-0.68
KXHIGHTSATX-26JUN30-B92.5,SATX,2026-06-30,92-93,1.0,38.0,1.0,YES (in range) - NO lost,LOSS,0.4
KXHIGHPHIL-26JUN30-B90.5,PHIL,2026-06-30,90-91,1.0,94.0,0.0,YES (in range) - NO lost,LOSS,-0.94
KXHIGHLAX-26JUN30-B71.5,LAX,2026-06-30,71-72,1.0,65.0,0.0,YES (in range) - NO lost,LOSS,-0.66
KXHIGHLAX-26JUL01-B71.5,LAX,2026-07-01,71-72,1.0,60.0,0.0,YES (in range) - NO lost,LOSS,-0.61
KXHIGHAUS-26JUL01-B95.5,AUS,2026-07-01,95-96,1.01,58.1,0.0,YES (in range) - NO lost,LOSS,-0.597
KXHIGHTLV-26JUL02-B98.5,LV,2026-07-02,98-99,1.0,65.0,0.0,NO (out of range) - NO won,WIN,0.34
KXHIGHDEN-26JUL03-B90.5,DEN,2026-07-03,90-91,1.0,92.0,0.0,YES (in range) - NO lost,LOSS,-0.92
KXHIGHTLV-26JUL03-B101.5,LV,2026-07-03,101-102,1.0,68.0,0.0,YES (in range) - NO lost,LOSS,-0.69
KXHIGHTBOS-26JUL03-B99.5,BOS,2026-07-03,99-100,1.0,59.0,0.0,YES (in range) - NO lost,LOSS,-0.6
KXHIGHTLV-26JUL04-B103.5,LV,2026-07-04,103-104,1.0,65.0,0.0,YES (in range) - NO lost,LOSS,-0.66
KXHIGHTDAL-26JUL04-B98.5,DAL,2026-07-04,98-99,1.0,52.0,0.0,YES (in range) - NO lost,LOSS,-0.53
KXHIGHTATL-26JUL05-B93.5,ATL,2026-07-05,93-94,1.0,58.0,0.0,YES (in range) - NO lost,LOSS,-0.59
KXHIGHTLV-26JUL05-B104.5,LV,2026-07-05,104-105,1.0,59.0,0.0,YES (in range) - NO lost,LOSS,-0.6
KXHIGHTLV-26JUL06-B106.5,LV,2026-07-06,106-107,1.0,64.0,0.0,YES (in range) - NO lost,LOSS,-0.65
KXHIGHTATL-26JUL06-B89.5,ATL,2026-07-06,89-90,1.0,40.0,0.0,NO (out of range) - NO won,WIN,0.59
KXHIGHDEN-26JUL06-B96.5,DEN,2026-07-06,96-97,1.0,94.0,0.0,YES (in range) - NO lost,LOSS,-0.94
KXHIGHTBOS-26JUL07-B69.5,BOS,2026-07-07,69-70,1.0,43.0,0.0,YES (in range) - NO lost,LOSS,-0.44
KXHIGHTLV-26JUL07-B108.5,LV,2026-07-07,108-109,1.0,60.0,0.0,YES (in range) - NO lost,LOSS,-0.61
KXHIGHTNOLA-26JUL08-B91.5,NOLA,2026-07-08,91-92,1.0,43.0,0.0,YES (in range) - NO lost,LOSS,-0.44
KXHIGHTLV-26JUL08-B109.5,LV,2026-07-08,109-110,1.0,81.0,0.0,YES (in range) - NO lost,LOSS,-0.82
KXHIGHTDC-26JUL08-B83.5,DC,2026-07-08,83-84,1.0,40.0,0.0,NO (out of range) - NO won,WIN,0.59
KXHIGHTLV-26JUL09-B109.5,LV,2026-07-09,109-110,2.0,46.0,0.0,NO (out of range) - NO won,WIN,1.06
KXHIGHTNOLA-26JUL10-B90.5,NOLA,2026-07-10,90-91,1.0,90.0,0.0,YES (in range) - NO lost,LOSS,-0.9
KXHIGHTDC-26JUL10-B89.5,DC,2026-07-10,89-90,1.0,47.0,0.0,YES (in range) - NO lost,LOSS,-0.48
KXHIGHTLV-26JUL10-B109.5,LV,2026-07-10,109-110,2.0,56.0,0.0,YES (in range) - NO lost,LOSS,-1.14
KXHIGHTBOS-26JUL11-B79.5,BOS,2026-07-11,79-80,1.0,46.0,0.0,NO (out of range) - NO won,WIN,0.53
KXHIGHTDAL-26JUL11-B97.5,DAL,2026-07-11,97-98,1.0,53.0,0.0,YES (in range) - NO lost,LOSS,-0.54
KXHIGHTMIN-26JUL12-B93.5,MIN,2026-07-12,93-94,1.0,45.0,0.0,NO (out of range) - NO won,WIN,0.54
KXHIGHTPHX-26JUL12-B107.5,PHX,2026-07-12,107-108,1.0,41.0,0.0,NO (out of range) - NO won,WIN,0.58
KXHIGHTLV-26JUL12-B107.5,LV,2026-07-12,107-108,1.0,56.0,0.0,YES (in range) - NO lost,LOSS,-0.57
KXHIGHTBOS-26JUL13-B87.5,BOS,2026-07-13,87-88,2.0,46.0,0.0,NO (out of range) - NO won,WIN,1.06
KXHIGHTDAL-26JUL14-B88.5,DAL,2026-07-14,88-89,1.0,33.0,0.0,NO (out of range) - NO won,WIN,0.66
KXHIGHTLV-26JUL14-B104.5,LV,2026-07-14,104-105,1.0,57.0,0.0,NO (out of range) - NO won,WIN,0.42
KXHIGHPHIL-26JUL15-B98.5,PHIL,2026-07-15,98-99,1.0,50.0,0.0,YES (in range) - NO lost,LOSS,-0.51
KXHIGHTDC-26JUL15-B100.5,DC,2026-07-15,100-101,1.0,42.0,0.0,NO (out of range) - NO won,WIN,0.57
KXHIGHTPHX-26JUL15-B106.5,PHX,2026-07-15,106-107,0.05,49.0,0.0,NO (out of range) - NO won,WIN,0.026
KXHIGHDEN-26JUL15-B93.5,DEN,2026-07-15,93-94,1.0,88.0,0.0,YES (in range) - NO lost,LOSS,-0.88
KXHIGHTLV-26JUL16-B107.5,LV,2026-07-16,107-108,1.0,54.0,0.0,YES (in range) - NO lost,LOSS,-0.55
KXHIGHTSEA-26JUL16-B73.5,SEA,2026-07-16,73-74,1.0,34.0,0.0,NO (out of range) - NO won,WIN,0.65
KXHIGHTNOLA-26JUL16-B91.5,NOLA,2026-07-16,91-92,1.0,91.0,0.0,YES (in range) - NO lost,LOSS,-0.91
KXHIGHTPHX-26JUL17-B91.5,PHX,2026-07-17,91-92,1.0,36.0,0.0,NO (out of range) - NO won,WIN,0.63
KXHIGHTMIN-26JUL17-B95.5,MIN,2026-07-17,95-96,1.0,52.0,0.0,YES (in range) - NO lost,LOSS,-0.53
KXHIGHTDAL-26JUL18-B95.5,DAL,2026-07-18,95-96,1.0,49.0,0.0,YES (in range) - NO lost,LOSS,-0.5
KXHIGHDEN-26JUL18-B93.5,DEN,2026-07-18,93-94,1.0,69.0,0.0,YES (in range) - NO lost,LOSS,-0.7
KXHIGHNY-26JUL18-B79.5,NY,2026-07-18,79-80,1.0,48.0,0.0,NO (out of range) - NO won,WIN,0.51
KXHIGHTDAL-26JUL19-B97.5,DAL,2026-07-19,97-98,1.0,54.0,0.0,YES (in range) - NO lost,LOSS,-0.55
KXHIGHNY-26JUL19-B80.5,NY,2026-07-19,80-81,1.0,51.0,0.0,NO (out of range) - NO won,WIN,0.48
KXHIGHTNOLA-26JUL20-B95.5,NOLA,2026-07-20,95-96,1.0,56.0,0.0,YES (in range) - NO lost,LOSS,-0.57
KXHIGHPHIL-26JUL20-B84.5,PHIL,2026-07-20,84-85,1.0,51.0,0.0,YES (in range) - NO lost,LOSS,-0.52
KXHIGHTDAL-26JUL20-B101.5,DAL,2026-07-20,101-102,1.0,45.0,0.0,NO (out of range) - NO won,WIN,0.54
KXHIGHTATL-26JUL21-B90.5,ATL,2026-07-21,90-91,1.0,58.0,0.0,YES (in range) - NO lost,LOSS,-0.59
KXHIGHTDAL-26JUL21-B103.5,DAL,2026-07-21,103-104,1.0,49.0,0.0,NO (out of range) - NO won,WIN,0.5
KXHIGHTLV-26JUL21-B104.5,LV,2026-07-21,104-105,1.0,44.0,0.0,NO (out of range) - NO won,WIN,0.55
KXHIGHTMIN-26JUL22-B77.5,MIN,2026-07-22,77-78,1.0,40.0,0.0,NO (out of range) - NO won,WIN,0.59
KXHIGHDEN-26JUL22-B92.5,DEN,2026-07-22,92-93,1.0,39.0,0.0,NO (out of range) - NO won,WIN,0.6
KXHIGHTHOU-26JUL22-B101.5,HOU,2026-07-22,101-102,1.0,56.0,0.0,YES (in range) - NO lost,LOSS,-0.57
KXHIGHTSATX-26JUL23-B100.5,SATX,2026-07-23,100-101,1.0,43.0,0.0,NO (out of range) - NO won,WIN,0.56
KXHIGHTDC-26JUL23-B82.5,DC,2026-07-23,82-83,1.0,47.0,0.0,YES (in range) - NO lost,LOSS,-0.48
KXHIGHNY-26JUL24-B81.5,NY,2026-07-24,81-82,1.0,50.0,0.0,NO (out of range) - NO won,WIN,0.49
KXHIGHTMIN-26JUL24-B80.5,MIN,2026-07-24,80-81,1.0,36.0,0.0,NO (out of range) - NO won,WIN,0.63
KXHIGHAUS-26JUL25-B95.5,AUS,2026-07-25,95-96,1.0,49.0,0.0,NO (out of range) - NO won,WIN,0.5
KXHIGHPHIL-26JUL25-B83.5,PHIL,2026-07-25,83-84,1.0,72.0,0.0,NO (out of range) - NO won,WIN,0.27
KXHIGHTHOU-26JUL25-B93.5,HOU,2026-07-25,93-94,1.0,51.0,0.0,NO (out of range) - NO won,WIN,0.48
KXHIGHTLV-26JUL26-B111.5,LV,2026-07-26,111-112,1.0,59.0,0.0,YES (in range) - NO lost,LOSS,-0.6
KXHIGHTDAL-26JUL26-B100.5,DAL,2026-07-26,100-101,1.0,55.0,0.0,NO (out of range) - NO won,WIN,0.44
KXHIGHTSATX-26JUL27-B96.5,SATX,2026-07-27,96-97,1.0,56.0,0.0,YES (in range) - NO lost,LOSS,-0.57
KXHIGHTHOU-26JUL27-B96.5,HOU,2026-07-27,96-97,1.0,51.0,0.0,NO (out of range) - NO won,WIN,0.48
KXHIGHTLV-26JUL28-B109.5,LV,2026-07-28,109-110,1.0,68.0,0.0,YES (in range) - NO lost,LOSS,-0.69
KXHIGHTDAL-26JUL28-B100.5,DAL,2026-07-28,100-101,1.0,39.0,0.0,YES (in range) - NO lost,LOSS,-0.4
KXHIGHTSEA-26JUL28-B72.5,SEA,2026-07-28,72-73,1.0,43.0,0.0,YES (in range) - NO lost,LOSS,-0.44
KXHIGHTLV-26JUL29-B109.5,LV,2026-07-29,109-110,1.0,59.0,0.0,YES (in range) - NO lost,LOSS,-0.6
KXHIGHTSATX-26JUL29-B97.5,SATX,2026-07-29,97-98,1.0,60.0,0.0,YES (in range) - NO lost,LOSS,-0.61
KXHIGHDEN-26JUL29-B90.5,DEN,2026-07-29,90-91,1.0,97.0,0.0,YES (in range) - NO lost,LOSS,-0.97
KXHIGHAUS-26JUL29-B98.5,AUS,2026-07-29,98-99,1.0,63.0,0.0,YES (in range) - NO lost,LOSS,-0.64
KXHIGHTSATX-26JUL30-B98.5,SATX,2026-07-30,98-99,1.0,71.0,0.0,YES (in range) - NO lost,LOSS,-0.72
KXHIGHTBOS-26JUL30-B68.5,BOS,2026-07-30,68-69,1.0,34.0,0.0,NO (out of range) - NO won,WIN,0.65
KXHIGHTATL-26JUL30-B90.5,ATL,2026-07-30,90-91,1.0,34.0,0.0,YES (in range) - NO lost,LOSS,-0.35
KXHIGHTHOU-26JUL31-B96.5,HOU,2026-07-31,96-97,1.0,46.0,0.0,YES (in range) - NO lost,LOSS,-0.47
KXHIGHTLV-26AUG01-B114.5,LV,2026-08-01,114-115,1.0,67.0,0.0,YES (in range) - NO lost,LOSS,-0.68
KXHIGHAUS-26AUG01-B98.5,AUS,2026-08-01,98-99,1.0,42.0,0.0,NO (out of range) - NO won,WIN,0.57
KXHIGHTDC-26AUG01-B89.5,DC,2026-08-01,89-90,1.0,75.0,0.0,YES (in range) - NO lost,LOSS,-0.76
KXHIGHTDC-26AUG02-B84.5,DC,2026-08-02,84-85,1.0,92.0,0.0,YES (in range) - NO lost,LOSS,-0.92
KXHIGHPHIL-26AUG02-B87.5,PHIL,2026-08-02,87-88,1.0,42.0,0.0,NO (out of range) - NO won,WIN,0.57
KXHIGHTSATX-26AUG03-B99.5,SATX,2026-08-03,99-100,1.0,63.0,0.0,,OPEN/UNKNOWN,
KXHIGHTLV-26AUG03-B112.5,LV,2026-08-03,112-113,2.0,53.5,0.0,,OPEN/UNKNOWN,
KXHIGHTMIN-26AUG03-B85.5,MIN,2026-08-03,85-86,1.0,97.0,0.0,,OPEN/UNKNOWN,
KXHIGHTLV-26AUG04-B112.5,LV,2026-08-04,112-113,0.98,70.0,0.0,,OPEN/UNKNOWN,
